f0,f1,f2,f3,f4,f5,f6,f7,f8,f9,f10,f11,f12,f13,f14,f15,f16,f17,f18,f19,f20,f21,f22,f23,f24,f25,f26,f27,f28,f29,f30,f31,f32,f33,f34,f35,f36,f37,f38,f39,f40,f41,f42,f43,f44,f45,f46,f47,f48,f49,label
3.1210175264989872,3.117224450428208,3.0818385955138803,3.1395234925994973,3.1379551890258086,3.111652307717354,3.1284438272917767,3.1225763949695904,3.1344886157238045,3.0074728615545725,3.1347928206565694,3.1017543846002424,3.064694917166241,2.9723583598602006,0.1560054948007352,0.21172402470006343,0.23215446812466128,0.22253303858194168,0.17758297360315295,0.7637268900871277,0.869026243686676,0.8516600131988525,0.6421570777893066,0.7477011680603027,0.3300146162509918,0.3415352702140808,0.49931228160858154,1.1971789598464966,0.0,0.0,-0.8884849548339844,-0.539829432964325,-0.4992836117744446,-1.6719777584075928,-0.22494469583034515,-1.855411171913147,0.11205890774726868,-1.7999591827392578,0.4413330852985382,-1.4246042966842651,-0.30081620812416077,-0.9344891309738159,-0.12552006542682648,-0.992091178894043,0.049363914877176285,-0.9506099820137024,0.21017755568027496,-0.8254942893981934,1.0,0.0,open_palm
3.1235738414548133,3.107439772707972,3.0822399112714445,3.136850758129502,3.139868785456924,3.1104693781949777,3.082573042249698,3.138421821806698,3.132329571723959,2.987226176742333,3.126381813736806,3.100945172414876,3.047290612775187,2.966481800248534,0.1573116212382045,0.21154543110062762,0.23289425731785657,0.222183053978099,0.17606563617593365,0.7637900114059448,0.8734409213066101,0.8492469787597656,0.6402034163475037,0.7458535432815552,0.3388660252094269,0.37415993213653564,0.48409971594810486,1.2028710842132568,0.0,0.0,-0.8984200954437256,-0.5302879810333252,-0.5089683532714844,-1.6683681011199951,-0.2290441393852234,-1.8593461513519287,0.13917192816734314,-1.7929188013076782,0.4400327205657959,-1.4136625528335571,-0.30718308687210083,-0.9317149519920349,-0.12834788858890533,-0.9917291402816772,0.04739219695329666,-0.9486457705497742,0.2037491500377655,-0.8186579346656799,1.0,0.0,open_palm
3.133581546033299,3.1080216433918744,3.080123011024958,3.140345877829343,3.1335024203628015,3.1080751434675147,3.0785543940907405,3.1285001845910863,3.1311810361299877,2.985612172382325,3.1318188617628495,3.1001239034280155,3.0509406369275327,2.957896421978496,0.1573577189693839,0.21272753694081792,0.23282348779851952,0.22189668497236018,0.17519457113122003,0.7816934585571289,0.8825396299362183,0.8546540141105652,0.640602707862854,0.7469348907470703,0.3489031493663788,0.3832250237464905,0.4840843081474304,1.22114098072052,0.0,0.0,-0.9050953388214111,-0.5180795788764954,-0.5242424607276917,-1.678310751914978,-0.23153993487358093,-1.8682018518447876,0.1453995257616043,-1.799078345298767,0.44066163897514343,-1.4154666662216187,-0.30846941471099854,-0.9269874691963196,-0.12939094007015228,-0.9915937185287476,0.04627739265561104,-0.9501917958259583,0.20266877114772797,-0.8207135796546936,1.0,0.0,open_palm
3.134407549788121,3.1056701771506825,3.0818779442766844,3.139335477580431,3.137051700367199,3.113871188701177,3.081904922060657,3.133222698278958,3.127808292018806,2.9929874678676436,3.129863840093342,3.0951246522988876,3.0428009760724826,2.941645022366207,0.1570391650188113,0.212981533337986,0.2331425676158253,0.22186840618304007,0.17496832765631712,0.7764611840248108,0.8801366090774536,0.8542454838752747,0.6428726315498352,0.7436276078224182,0.3463672399520874,0.380642294883728,0.4854384958744049,1.2271639108657837,0.0,0.0,-0.8974487781524658,-0.5115765929222107,-0.516159176826477,-1.6780024766921997,-0.225590318441391,-1.866523027420044,0.14836499094963074,-1.7954879999160767,0.4442760646343231,-1.410667061805725,-0.3051331639289856,-0.9307675957679749,-0.125287726521492,-0.9921204447746277,0.05085567757487297,-0.9468259811401367,0.2070206105709076,-0.8131763935089111,1.0,0.0,open_palm
3.1360954065894653,3.1143561155782415,3.0830675851277283,3.1375174445774374,3.1344828428740477,3.1106848571792414,3.082971355628845,3.1251741207446977,3.12830686521835,2.988324653035091,3.1372469270619003,3.097790783334033,3.0365762464441435,2.9476493439918086,0.15731149472132575,0.21333233539519478,0.23265375646232392,0.2218871839446353,0.17481522928753077,0.7759825587272644,0.8730288743972778,0.8476912379264832,0.6341531276702881,0.7414410710334778,0.3430490791797638,0.3820590078830719,0.48376280069351196,1.2173718214035034,0.0,0.0,-0.8958520889282227,-0.5181284546852112,-0.5174665451049805,-1.6752017736434937,-0.2278754860162735,-1.8591030836105347,0.14809784293174744,-1.7911829948425293,0.44197937846183777,-1.4069173336029053,-0.3029296398162842,-0.9294653534889221,-0.12501269578933716,-0.9921551942825317,0.04960985481739044,-0.9492325186729431,0.204735666513443,-0.8188139200210571,1.0,0.0,open_palm
3.086670070340583,3.0883864891063912,3.096128898776077,3.0595952963838,3.1300154758789374,3.0968961657668257,3.0013936275444033,3.1314886468977408,3.1096414253401266,2.9237888293791388,3.104791979732997,3.0425680079020405,3.047547478371776,3.0336469795314294,0.1552713970348374,0.19998849620264064,0.23077131950398766,0.22634262189867232,0.1876261651772687,0.7561259269714355,0.9089779257774353,0.9056198000907898,0.7298427820205688,0.7320857048034668,0.3929518759250641,0.36029019951820374,0.452955037355423,1.2602342367172241,0.0,0.0,0.9521305561065674,-0.3901539444923401,0.6279190182685852,-1.6079705953598022,0.34100717306137085,-1.8764715194702148,-0.01886952854692936,-1.8592150211334229,-0.340119332075119,-1.539892554283142,0.39056825637817383,-0.8900631666183472,0.21906590461730957,-0.9757100939750671,0.049202825874090195,-0.9561572074890137,-0.11824492365121841,-0.8445924520492554,0.0,1.0,open_palm
3.092778426156205,3.0988881767667937,3.0962952340350447,3.0640914442240894,3.129528999561376,3.0932435079467524,3.002364014013923,3.1367237814541933,3.1100514492053297,2.919037515399524,3.097485550842496,3.0436374752019275,3.0223971872133117,3.003959448615063,0.15680167456359043,0.19992519556952534,0.22976463680863418,0.22651303188753077,0.18699546098833159,0.7574271559715271,0.9041969180107117,0.9068979024887085,0.7279413342475891,0.7355754375457764,0.39504480361938477,0.36402827501296997,0.4546182155609131,1.2671290636062622,0.0,0.0,0.9555919170379639,-0.38679608702659607,0.6227849721908569,-1.6094390153884888,0.32929450273513794,-1.8738700151443481,-0.034495022147893906,-1.8606878519058228,-0.3512752056121826,-1.534608006477356,0.3825133740901947,-0.8911316394805908,0.21149060130119324,-0.9773800373077393,0.04211920127272606,-0.9570319056510925,-0.12437267601490021,-0.8429333567619324,0.0,1.0,open_palm
3.0928525371460514,3.0943439241731694,3.0952530071465016,3.0556346303615443,3.1288652681851383,3.0909897561799573,2.9951139527989974,3.1404141644959047,3.109975528035156,2.901726192017092,3.097167709475256,3.041064218524871,3.0289687244896903,2.980333515689112,0.15697122785547252,0.19965603258019698,0.22926281629950124,0.22689435623049506,0.1872155668519294,0.7557946443557739,0.901443600654602,0.9079068303108215,0.7272429466247559,0.7373302578926086,0.4006848931312561,0.3661055862903595,0.4591772258281708,1.2655965089797974,0.0,0.0,0.9575437307357788,-0.38485416769981384,0.6261821985244751,-1.6063016653060913,0.3256862759590149,-1.8713499307632446,-0.040280137211084366,-1.861255407333374,-0.35883843898773193,-1.530552625656128,0.3856755495071411,-0.8897947669029236,0.2138066291809082,-0.9768760204315186,0.04410431906580925,-0.9572785496711731,-0.12235215306282043,-0.8428342938423157,0.0,1.0,open_palm
3.082833154556229,3.092808369674793,3.101390143738864,3.046502795326599,3.128457218642489,3.0975979564351714,2.9912169817720904,3.132682479743851,3.099712690237192,2.905310581404625,3.100962013591061,3.0347569754499437,3.0160910591990913,3.002930587573989,0.15699928245273959,0.19976121286171503,0.22908566195142194,0.22677514865455423,0.18737869389641268,0.7512974143028259,0.8950229287147522,0.90199214220047,0.7197688817977905,0.7278021574020386,0.404236376285553,0.3623901307582855,0.4628410041332245,1.2685537338256836,0.0,0.0,0.9508013725280762,-0.373466432094574,0.6282017230987549,-1.6003153324127197,0.3226914703845978,-1.8650237321853638,-0.039558153599500656,-1.8549323081970215,-0.36298245191574097,-1.5238454341888428,0.39133375883102417,-0.8873347043991089,0.216105118393898,-0.9763700366020203,0.042161379009485245,-0.956649661064148,-0.127309650182724,-0.8437530994415283,0.0,1.0,open_palm
3.0854551591793564,3.1040120096141055,3.0969714364120415,3.047202211502126,3.1346433200529606,3.0902988411237877,2.989137167364151,3.137737361631583,3.101597487813398,2.9046669830089136,3.1017197779948704,3.0320731557817338,3.034775739971737,2.9757208869246923,0.15696990814075687,0.19969965843455462,0.22896649990305426,0.22725799602346888,0.1871059373157923,0.7523794174194336,0.8986830115318298,0.9106347560882568,0.7247676253318787,0.7355831265449524,0.4136394262313843,0.36441805958747864,0.4660468101501465,1.2640429735183716,0.0,0.0,0.9570050239562988,-0.37695032358169556,0.636955201625824,-1.5998046398162842,0.3225221335887909,-1.8685599565505981,-0.04181951656937599,-1.8610973358154297,-0.36417829990386963,-1.5245198011398315,0.39325031638145447,-0.8879881501197815,0.21774475276470184,-0.9760057926177979,0.0438162200152874,-0.9544980525970459,-0.12672483921051025,-0.8397541642189026,0.0,1.0,open_palm
0.7094402401498697,2.6493936700801863,1.0296759869869214,0.31347051200016807,2.9488477833117575,0.20238001350838372,0.09175121233493351,2.6809820581235106,0.5846128762396879,0.4716030625980787,2.699097058592993,0.5560092650483882,1.8622955197939015,1.6999515670003258,0.2918901050358547,0.20080844615777235,0.15991907999133703,0.156037124264634,0.19134524428145072,0.9855247735977173,0.9880923628807068,0.9036563634872437,0.7293334007263184,0.41409921646118164,0.22414614260196686,0.2600398659706116,0.319797158241272,0.4067623019218445,0.0,0.0,-0.2877280116081238,0.5650942325592041,-0.45205333828926086,0.19300179183483124,-0.261417418718338,0.07510592043399811,-0.007445269264280796,0.019259052351117134,0.30579817295074463,-0.045151855796575546,-0.8438361883163452,-0.7113019227981567,-0.4441818296909332,-0.8959366679191589,-0.03624466806650162,-0.8839383125305176,0.3178315758705139,-0.7743859887123108,1.0,0.0,fist
0.7161547172841991,2.670694142667758,0.9308465252282152,0.34216813379578265,2.978871127359878,0.13249885425836155,0.08228168331933651,2.733814878104741,0.5542744199954577,0.5011972105775893,2.7668694522648183,0.4404444437843306,1.8082620595578534,1.8681024861774498,0.29639052424990897,0.19555091399968944,0.15568008240343656,0.15907793181720012,0.19330054727121582,0.9898372888565063,0.9873396158218384,0.9315303564071655,0.7235230207443237,0.4921568036079407,0.22265733778476715,0.28204241394996643,0.3656516373157501,0.48881393671035767,0.0,0.0,-0.2707284688949585,0.6357812881469727,-0.49460113048553467,0.2012469470500946,-0.3025919497013092,0.08851379156112671,-0.021454205736517906,0.06594175100326538,0.33236944675445557,-0.02630764991044998,-0.8759126663208008,-0.7121967077255249,-0.4648151993751526,-0.8854077458381653,-0.04416782781481743,-0.8653116226196289,0.3204413950443268,-0.7497323751449585,1.0,0.0,fist
0.7235067582388383,2.6933995745233843,0.9104768589155969,0.3333727881998718,3.006489444791503,0.10825749171568172,0.08960779727376675,2.814192020367648,0.4835756169004478,0.499037907932853,2.8422218965857984,0.3654023910282247,1.8081286743483704,1.8460688652572754,0.2904714691755305,0.19381660338958273,0.15988053842587296,0.16121404206958662,0.19461734668333194,0.9701263904571533,1.01025390625,0.9523539543151855,0.7498894333839417,0.47792357206344604,0.22551296651363373,0.28014013171195984,0.36207592487335205,0.4836246967315674,0.0,0.0,-0.26952511072158813,0.6170021891593933,-0.49872758984565735,0.19113945960998535,-0.29036930203437805,0.10486708581447601,-0.011958704330027103,0.07378575950860977,0.3393574059009552,-0.01382673904299736,-0.8516412973403931,-0.7125181555747986,-0.45096832513809204,-0.8925399780273438,-0.04047339782118797,-0.8781412243843079,0.3173561692237854,-0.7633933424949646,1.0,0.0,fist
0.7249952899385481,2.60092987661811,1.0851495963895639,0.3360389536138343,2.903989219930913,0.24893402479501597,0.08431762126530823,2.866930370719228,0.37013478119920223,0.5003698583000863,2.873838772753163,0.26854570140811934,1.843951121352423,1.8097876431166287,0.29167182099288197,0.19531655545905172,0.15499581146663266,0.1636411306613727,0.194374681163676,1.014861822128296,0.9973323941230774,0.9491739273071289,0.7256103157997131,0.482088178396225,0.22217483818531036,0.28123345971107483,0.3597080111503601,0.4502808451652527,0.0,0.0,-0.2623913288116455,0.6209613680839539,-0.45086532831192017,0.21202322840690613,-0.2671484351158142,0.08708420395851135,0.013825933448970318,0.0750150978565216,0.3570560812950134,-0.032608840614557266,-0.8539402484893799,-0.7193601727485657,-0.4490092694759369,-0.893527090549469,-0.035759370774030685,-0.8728627562522888,0.3256756663322449,-0.7575403451919556,1.0,0.0,fist
0.7080205286003621,2.654752402826634,0.9824140443484255,0.32150605665138904,2.9990460340092846,0.10770670651049635,0.10248489901882098,2.7936963306433915,0.5248684567223576,0.5109584096534715,2.829255879790604,0.3895876508858364,1.8521327772656628,1.8311230196854036,0.2886363704092416,0.19171655796911227,0.16279855816348582,0.16504666033255058,0.19180185287420226,0.9974856376647949,1.032728910446167,0.9770327806472778,0.7479047775268555,0.49690160155296326,0.2059292048215866,0.27489203214645386,0.3726327419281006,0.46350929141044617,0.0,0.0,-0.284875750541687,0.6225755214691162,-0.4694273769855499,0.1973913609981537,-0.2780648171901703,0.12131767719984055,-0.004361467901617289,0.0957811176776886,0.35026031732559204,-0.018667716532945633,-0.8441006541252136,-0.7270531058311462,-0.4380703270435333,-0.8989407420158386,-0.024706339463591576,-0.8810398578643799,0.3345915973186493,-0.7664083242416382,1.0,0.0,fist
2.9688969807417585,0.1720462057876279,2.7860227172755962,3.107800106313729,0.19092029950224282,2.710303533925252,2.910984887259394,0.2184895239285276,2.81434913144721,2.5424113859291357,0.42098507552647846,2.821882062447881,2.0852033449575025,2.24216162059465,0.38003351332730184,0.22404905917592585,0.07617204928727236,0.08476102259414199,0.23498435494478584,0.15545301139354706,0.24974609911441803,0.3343782424926758,0.26202672719955444,1.1436665058135986,0.2375866025686264,0.21788525581359863,0.2262796014547348,0.47876596450805664,0.0,0.0,-0.6169297099113464,-1.063406229019165,-0.6198965907096863,-0.5846494436264038,-0.3908063471317291,-0.6476181149482727,-0.17325592041015625,-0.6596925854682922,-0.00020426360424607992,-0.8054855465888977,-0.6759006977081299,-0.7296638488769531,-0.4614569842815399,-0.8871626853942871,-0.23882099986076355,-0.9875798225402832,0.02327471598982811,-1.0664582252502441,1.0,0.0,fist
3.021683629242514,0.22473216056115178,2.721841563125047,3.0648969617874617,0.23544221818651953,2.5075193733202235,2.9166030291367684,0.2243786941691294,2.698967200315945,2.552381027256816,0.4303019250297404,2.766196140071742,2.0702083475862016,2.2576432996948257,0.371849132787511,0.22875689976342725,0.0845029547632934,0.08748873552120484,0.2274022764928087,0.1754373461008072,0.23992694914340973,0.3120638430118561,0.2619650065898895,1.1413683891296387,0.2428618222475052,0.22013336420059204,0.20829296112060547,0.4707808792591095,0.0,0.0,-0.583980917930603,-1.0603089332580566,-0.6083189845085144,-0.5901575684547424,-0.37795576453208923,-0.6670643091201782,-0.15797196328639984,-0.6751775741577148,0.016246717423200607,-0.7893432974815369,-0.6568115949630737,-0.7587598562240601,-0.4363516867160797,-0.8997762799263,-0.21344836056232452,-0.9822707176208496,0.04511318355798721,-1.0497130155563354,1.0,0.0,fist
3.0818366197993288,0.3332159605735151,2.809502708214774,3.0803653169363243,0.23611709495088334,2.5250010558176283,2.928826173164103,0.2142918867163254,2.714076153302897,2.5583331046836815,0.4194116051104438,2.81579188967787,2.0423183827566627,2.363569937943193,0.35594647516110983,0.24940077181233838,0.08580295023196993,0.08565851243364202,0.22319128970431762,0.22016528248786926,0.24562469124794006,0.3130684792995453,0.25984740257263184,1.118649959564209,0.28178641200065613,0.23144181072711945,0.20945727825164795,0.5171767473220825,0.0,0.0,-0.57857346534729,-1.0479658842086792,-0.6448041796684265,-0.5350475311279297,-0.3899993896484375,-0.6553725004196167,-0.15894052386283875,-0.668680727481842,0.02158607915043831,-0.7748998403549194,-0.6674466133117676,-0.7540454268455505,-0.4479326009750366,-0.8940673470497131,-0.21455813944339752,-0.9767692685127258,0.05585149675607681,-1.0324780941009521,1.0,0.0,fist
2.987180082603165,0.2115220356553047,2.7309107193430497,3.1066265508505286,0.20922085115038105,2.4721233144950956,2.9295791999628076,0.22435985154804153,2.6959982534791993,2.5633728971471967,0.43705815026547024,2.7732420212909537,2.0770938416169122,2.3681681369929306,0.37119519455003863,0.22592637617893907,0.08725136769728235,0.08882124118182495,0.2268058196979394,0.17872564494609833,0.22697138786315918,0.2996499538421631,0.23347258567810059,1.0900492668151855,0.23825766146183014,0.20758852362632751,0.19884902238845825,0.4668276906013489,0.0,0.0,-0.5492933988571167,-1.0652456283569336,-0.5890591144561768,-0.6001147031784058,-0.36656224727630615,-0.6853312253952026,-0.1589767336845398,-0.6864507794380188,0.0061630988493561745,-0.7972197532653809,-0.6340075135231018,-0.7730959057807922,-0.42773810029029846,-0.9039027690887451,-0.2091933786869049,-0.9818630218505859,0.04767875000834465,-1.0269715785980225,1.0,0.0,fist
3.0411399836583928,0.27027493335435454,2.808604617093014,3.0699619912552616,0.23415638767018668,2.522347487035456,2.9165154316330137,0.22563669044241336,2.699887108481041,2.533712982897213,0.44801102472142107,2.7688035859656286,2.0621938038103256,2.3500757246164814,0.3663812516642028,0.23819563901274007,0.0833018168577303,0.08700804744748444,0.22511324433158025,0.21660703420639038,0.2491127997636795,0.30791306495666504,0.2459699660539627,1.1119880676269531,0.2567974030971527,0.21638047695159912,0.2012484073638916,0.5011129975318909,0.0,0.0,-0.550871729850769,-1.0554590225219727,-0.6048848628997803,-0.5572654604911804,-0.36999422311782837,-0.6610503196716309,-0.1540244072675705,-0.674375057220459,0.015036051161587238,-0.7835514545440674,-0.6424402594566345,-0.7705919742584229,-0.4300033748149872,-0.902827262878418,-0.20723192393779755,-0.9776561260223389,0.05197697877883911,-1.0267316102981567,1.0,0.0,fist
1.4092134424751328,1.8966166537345084,2.453282507668771,1.3237526245760738,1.851637959789727,2.4727911947805628,1.4144236942015203,1.7763546248630036,2.3547084490184615,1.5102521695614677,1.7934315844502047,2.2850939589821753,2.285993431051936,2.388442080688561,0.15609388685940828,0.1690365436478573,0.20238736970086635,0.23299775379283869,0.2394844455050117,0.5873676538467407,0.6433578729629517,0.6016262769699097,0.45154377818107605,0.5194233059883118,0.08576704561710358,0.0720309168100357,0.01955224759876728,0.1968069076538086,0.0,0.0,-0.5240732431411743,-0.66120445728302,-0.4940167963504791,-0.46670621633529663,-0.5152616500854492,-0.3836120367050171,-0.534410834312439,-0.3141731321811676,-0.5327338576316833,-0.2946929335594177,-0.192578986287117,-0.9708252549171448,-0.24790117144584656,-0.968785285949707,-0.3204540014266968,-0.8764690160751343,-0.4039689898490906,-0.7274878025054932,1.0,0.0,fist
1.3958237403510985,1.8784881217935638,2.4272653168499234,1.3292868377785594,1.8259033792557924,2.454809962283574,1.4266595788194014,1.7742753445306914,2.381294219111031,1.533601165023592,1.7900279981644571,2.3156325141291116,2.2971395702097195,2.416478115902396,0.16561788899846083,0.1637537238191069,0.19712566798464035,0.23468617015945673,0.23881654855547987,0.5910264849662781,0.6441284418106079,0.6141354441642761,0.45539140701293945,0.5417556166648865,0.09178031980991364,0.08694358915090561,0.014476029202342033,0.19213072955608368,0.0,0.0,-0.5551581382751465,-0.6528621912002563,-0.4974682331085205,-0.46959710121154785,-0.5153871774673462,-0.3795830011367798,-0.5434468984603882,-0.2972918152809143,-0.5405622124671936,-0.28310611844062805,-0.19878435134887695,-0.9795973300933838,-0.2524622082710266,-0.9676067233085632,-0.32516488432884216,-0.8713260889053345,-0.40936166048049927,-0.719188392162323,1.0,0.0,fist
1.3684661508227118,1.9636035802076703,2.5130537223760836,1.2933706976408441,1.9025062690987413,2.5599316175055664,1.384695461961662,1.8485564835257098,2.480063076352866,1.4992299474597268,1.844958357182836,2.382741588569049,2.322800978303482,2.399235726260871,0.15306986022761693,0.16985815332433002,0.20364961777369486,0.2398024814471113,0.23361988677283718,0.6273300647735596,0.6913431882858276,0.665539562702179,0.4828294813632965,0.5306413173675537,0.09527817368507385,0.08829014003276825,0.013605821877717972,0.21378003060817719,0.0,0.0,-0.542747437953949,-0.6441335678100586,-0.5081174969673157,-0.43317702412605286,-0.5260723233222961,-0.3396058976650238,-0.5526677370071411,-0.2554166316986084,-0.5437617897987366,-0.26570266485214233,-0.1925687938928604,-0.975368857383728,-0.2425515353679657,-0.9701385498046875,-0.3137750029563904,-0.8766035437583923,-0.39959219098091125,-0.726505696773529,1.0,0.0,fist
1.3954107758848981,1.9124128248002328,2.496771303620006,1.3271300362885765,1.8526124584803023,2.5365271051629508,1.4109309732985578,1.7963952463778468,2.441941580004202,1.5256067838062952,1.8108080017676151,2.3451944889227634,2.3922539480716885,2.4300258875217016,0.15975807341183793,0.17101446841660925,0.20235873268258145,0.23483872333842343,0.2320300016879183,0.6225914359092712,0.6806308627128601,0.6503157019615173,0.4744568169116974,0.5332891345024109,0.08725675195455551,0.08157609403133392,0.007517668884247541,0.21043168008327484,0.0,0.0,-0.5521965622901917,-0.6408105492591858,-0.5070403218269348,-0.435280978679657,-0.5238472819328308,-0.34965816140174866,-0.5424461960792542,-0.27023059129714966,-0.5417294502258301,-0.2777140140533447,-0.19726912677288055,-0.9753382802009583,-0.24354273080825806,-0.9698901772499084,-0.31044480204582214,-0.8777549862861633,-0.39028558135032654,-0.7273516654968262,1.0,0.0,fist
1.3820514210844272,1.8915647856486317,2.3802625615648396,1.2944796296888506,1.818353093700695,2.408612541588729,1.3831654347064852,1.7556654132912437,2.3421526428089416,1.4704348563585727,1.7842688371334456,2.271787423824587,2.4684266099672074,2.469585095481505,0.16883201165251424,0.17013176562705953,0.19785151265902384,0.2298293276070254,0.2333553819556804,0.5819433331489563,0.6414484977722168,0.610563337802887,0.45663267374038696,0.5447788834571838,0.08254321664571762,0.07573593407869339,0.01721736416220665,0.19226917624473572,0.0,0.0,-0.5418398976325989,-0.6528231501579285,-0.49244117736816406,-0.46700817346572876,-0.5001088380813599,-0.3848218619823456,-0.5177514553070068,-0.31116950511932373,-0.510829508304596,-0.295404851436615,-0.1991080939769745,-0.96961510181427,-0.23943112790584564,-0.9709134101867676,-0.3021431267261505,-0.8823968172073364,-0.3786337971687317,-0.732483446598053,1.0,0.0,fist
0.6380379504922418,2.979991974247274,0.24029659830179567,0.32753828305955224,0.7927368616236078,2.434988227243383,0.08395015837521554,0.44678401543234814,2.8256482368205855,0.6627016686090047,0.6837619458863973,2.5959081437709046,2.375885603371607,1.5143203460498595,0.33456318787629186,0.19472276826250468,0.1526824654083968,0.1331303732213961,0.18490120497532345,0.9684314727783203,0.991405189037323,0.793293833732605,0.5774144530296326,0.6181438565254211,0.27944931387901306,0.3571712374687195,0.36011379957199097,0.6148048043251038,0.0,0.0,0.7521342039108276,0.6643980145454407,0.6845912337303162,0.053314656019210815,0.40533891320228577,0.042823754251003265,0.050397224724292755,0.002977905562147498,-0.30776941776275635,0.040375784039497375,0.8042921423912048,-0.907690703868866,0.32592490315437317,-0.9453957080841064,-0.11329478770494461,-0.7732437252998352,-0.49032101035118103,-0.5074219703674316,0.0,1.0,fist
0.6562736547650179,2.848207759089508,0.4230323985951551,0.3324457345609432,0.6186606840979152,2.591402195437163,0.11560759954059907,0.43131310664444616,2.834081927350768,0.7197797267639199,0.6793714255474751,2.5957843868867294,2.2932452917437223,1.6747852509543646,0.334962920891068,0.19484771984432953,0.15113421767435267,0.13551834677501487,0.18353679457444558,1.0498988628387451,1.0225024223327637,0.8187630772590637,0.5926699042320251,0.7206590175628662,0.28223392367362976,0.3701936602592468,0.36909377574920654,0.6331065893173218,0.0,0.0,0.7806363701820374,0.7424798607826233,0.6824474930763245,0.11703372746706009,0.40325167775154114,0.07573378831148148,0.0345289371907711,0.042765554040670395,-0.3333861231803894,0.07223960012197495,0.8319185376167297,-0.9221706986427307,0.3296191394329071,-0.9441139698028564,-0.13421232998371124,-0.7584207057952881,-0.5305631756782532,-0.48666897416114807,0.0,1.0,fist
0.6470821512762437,2.9145623753921224,0.29303994545185413,0.32034703316132135,0.5395115724263475,2.6860607696244765,0.1643508747418846,0.4206316046627571,2.85617365677798,0.8069135834155605,0.6406207224146558,2.6587132393661927,2.268988084038635,1.7053580411884064,0.34179315196454,0.19452354194356855,0.14920866592238974,0.13342371136328124,0.18105092857161892,1.0602041482925415,1.0387742519378662,0.8292773962020874,0.5874090194702148,0.7504957318305969,0.2979106903076172,0.3925957679748535,0.3818165361881256,0.7080974578857422,0.0,0.0,0.7828340530395508,0.8228955864906311,0.718339204788208,0.1177414208650589,0.42219746112823486,0.08532475680112839,0.030335891991853714,0.06132585182785988,-0.35055476427078247,0.08789924532175064,0.8563120365142822,-0.9334465265274048,0.31772562861442566,-0.9481827020645142,-0.17065651714801788,-0.743225634098053,-0.5868081450462341,-0.44990530610084534,0.0,1.0,fist
0.6503098346048287,2.95417396700546,0.30674587083560356,0.3206049351979274,0.7935247146901767,2.424902241372733,0.1469928528708262,0.5247406635089825,2.7481362604462376,0.7778972081774587,0.7671836055670503,2.542535752191194,2.3875580536284216,1.5213772940168522,0.3271432004311896,0.20153013967297295,0.15562134507168765,0.137157994459339,0.17854732013220298,1.1258240938186646,1.0745513439178467,0.8559876680374146,0.6117411851882935,0.7038564682006836,0.28779783844947815,0.3751428425312042,0.3652662932872772,0.5796579718589783,0.0,0.0,0.7979648113250732,0.7563487887382507,0.6916889548301697,0.18651653826236725,0.41091078519821167,0.12334044277667999,0.03814079985022545,0.08121320605278015,-0.32669275999069214,0.0989876389503479,0.8460367321968079,-0.9286770224571228,0.3201402425765991,-0.947370171546936,-0.1587430089712143,-0.7518244385719299,-0.5656089782714844,-0.46416983008384705,0.0,1.0,fist
0.6555444958649594,3.089126581200511,0.04818642226323849,0.32662171048209887,0.5400123014591158,2.6850339087794852,0.17060803149347226,0.4214074731978419,2.8545151136269165,0.8236438837776647,0.6035432545451604,2.687873963306641,2.3002829491691723,1.724828044135787,0.3455207113158418,0.18873537357428372,0.15025956480810435,0.13290415789852097,0.1825801921743366,0.9906741976737976,1.0559347867965698,0.8469014763832092,0.6032675504684448,0.798149049282074,0.33648669719696045,0.4054921269416809,0.4047832489013672,0.8141611218452454,0.0,0.0,0.7920148968696594,0.8796069025993347,0.7674269080162048,0.06581718474626541,0.43331193923950195,0.10569821298122406,0.02897222712635994,0.07514876872301102,-0.3749343156814575,0.10177519917488098,0.8700897097587585,-0.9195232391357422,0.32734236121177673,-0.9449058175086975,-0.1714508980512619,-0.7476955056190491,-0.5948688387870789,-0.4599725306034088,0.0,1.0,fist
3.0008884199147428,0.32271895522218375,2.7492735079371737,3.065595156815894,0.3238123505191059,2.585163651093849,2.855544324580158,0.3591510386812927,2.5786673239214712,2.499543310311433,0.5442835426874083,2.712788937922337,2.1487169056207205,2.258282056561438,0.4390508834796067,0.23395301387694253,0.0845561632786026,0.054287809729651436,0.18815212898494954,0.19343197345733643,0.29237887263298035,0.3317672610282898,0.25921207666397095,1.1125030517578125,0.23071306943893433,0.21155259013175964,0.20848189294338226,0.5040189027786255,0.0,0.0,0.4484623968601227,-1.2375255823135376,0.4613994061946869,-0.7336727380752563,0.23408956825733185,-0.694191575050354,0.027410991489887238,-0.6490421295166016,-0.1745111048221588,-0.7009282112121582,0.41673794388771057,-0.9218781590461731,0.18589115142822266,-0.9825703501701355,-0.04242506995797157,-0.9733759760856628,-0.3224411606788635,-0.9137840270996094,0.0,1.0,fist
3.011528374137903,0.29071882843948,2.7601230109328805,3.0775441472871137,0.2986637219628501,2.6307555937925136,2.8865206583983305,0.3231069543023073,2.6054106491544697,2.508476948675998,0.5193110010734634,2.7010517585378913,2.146417324371648,2.254497256061704,0.4406881189534288,0.22331539582529109,0.07661212998514241,0.06237598611730579,0.19700836846529152,0.2095697820186615,0.31477731466293335,0.3442275822162628,0.25345495343208313,1.138650894165039,0.2244834154844284,0.21265234053134918,0.21301628649234772,0.5242669582366943,0.0,0.0,0.4400876462459564,-1.2373557090759277,0.4475876986980438,-0.7131423950195312,0.22742176055908203,-0.6693273186683655,0.017832420766353607,-0.6333643794059753,-0.18523088097572327,-0.6977167725563049,0.4273960292339325,-0.9217371940612793,0.1897188425064087,-0.9818385243415833,-0.03983449935913086,-0.9727272391319275,-0.3177798092365265,-0.913749635219574,0.0,1.0,fist
3.0109388203708787,0.311981106916261,2.7387808195725225,3.079176613364785,0.31272942229075246,2.5769932601617658,2.8982296016519253,0.33004783929207826,2.5872442211634303,2.5379817595133094,0.5147703815842222,2.7138922900405995,2.1498734305017693,2.235453585521201,0.4467384965728891,0.2288383302919232,0.07890290852754099,0.05692834352726955,0.1885919204285507,0.20788425207138062,0.3099159896373749,0.34366080164909363,0.2589643597602844,1.1589163541793823,0.2300611436367035,0.20823150873184204,0.20859770476818085,0.5285455584526062,0.0,0.0,0.4396951198577881,-1.249931812286377,0.45417162775993347,-0.7215845584869385,0.22863341867923737,-0.676190197467804,0.0244187880307436,-0.6354870796203613,-0.1740189492702484,-0.6997946500778198,0.4218350648880005,-0.9269384145736694,0.18415312469005585,-0.9828975796699524,-0.04055572673678398,-0.972949743270874,-0.3136815130710602,-0.9178701043128967,0.0,1.0,fist
3.002970473275981,0.29432420208773574,2.740899284288129,3.074100910774551,0.3157572777670354,2.5706971882818306,2.8940786318985467,0.3303710323020609,2.559079772566514,2.52050669917793,0.5179129420817735,2.676090043468978,2.1481730232779115,2.2123136054710577,0.4408394456163186,0.22573287551199395,0.08073333618527395,0.058366519827122904,0.19432782221024972,0.19762203097343445,0.30644845962524414,0.3411158323287964,0.2531070113182068,1.1539713144302368,0.22346067428588867,0.21373406052589417,0.21420316398143768,0.5171751976013184,0.0,0.0,0.43683871626853943,-1.2444303035736084,0.4516426920890808,-0.7274670004844666,0.23354165256023407,-0.6788192391395569,0.0238101277500391,-0.6376495957374573,-0.18205279111862183,-0.6968395709991455,0.4272831380367279,-0.9235819578170776,0.18889303505420685,-0.9819976687431335,-0.037786226719617844,-0.9731580018997192,-0.31184303760528564,-0.9141358137130737,0.0,1.0,fist
3.0248737066527065,0.30507916461652934,2.720321753403985,3.0608223323231907,0.32379732660946664,2.506055838800462,2.8732214437778305,0.34787231674559344,2.5199321363075233,2.522021109844004,0.5304378440576437,2.687073097923267,2.1606524028634917,2.229513061440698,0.4416450433193485,0.22746215740996267,0.0858736470924536,0.05548307731021639,0.1895360742163959,0.19578547775745392,0.2872546911239624,0.32582738995552063,0.2469191700220108,1.1458717584609985,0.2195698320865631,0.21199212968349457,0.20699509978294373,0.5148542523384094,0.0,0.0,0.4239144027233124,-1.2486486434936523,0.44596579670906067,-0.7342668175697327,0.2291134148836136,-0.6998291015625,0.0223233699798584,-0.6531542539596558,-0.1782166063785553,-0.7044445276260376,0.4181884229183197,-0.9280717968940735,0.18229825794696808,-0.9832432866096497,-0.044031813740730286,-0.9721534252166748,-0.3155940771102905,-0.9096188545227051,0.0,1.0,fist
1.7240535344904122,1.4532506350579537,1.9839820561339,1.5041790876473475,1.58724127924695,1.8415769322118303,1.4420657884132462,1.56972361578496,1.8154566258781784,1.367658456965247,1.596674799368817,1.867299581532972,3.0194854454524176,2.546808380361353,0.46321975641186636,0.20886603199729967,0.1818475564131417,0.11020394618285617,0.0358627080409007,0.3463757336139679,0.4232080280780792,0.41030582785606384,0.32464534044265747,0.6544358730316162,0.04059860110282898,0.08089751750230789,0.07813739031553268,0.3168157637119293,0.0,0.0,0.5705867409706116,-0.8068863749504089,0.3113223910331726,-0.624803364276886,0.27483105659484863,-0.6070092916488647,0.19458256661891937,-0.6172361373901367,0.13300132751464844,-0.6653319001197815,0.17803677916526794,-0.9445080757141113,0.10468002408742905,-0.9945059418678284,0.04042183980345726,-0.9974799156188965,-0.01146667916327715,-0.9560613036155701,0.0,1.0,fist
1.7830338578543043,1.4287907725133433,2.0251345120744872,1.5564255260681195,1.570737010529222,1.8975043007908152,1.4736872610039669,1.5635398931260893,1.8503754630329536,1.412228644528559,1.5800722351375647,1.9320897549749483,2.984837991332834,2.5582185673227675,0.4610552275404298,0.20698863733425518,0.18208445520924582,0.1111005024050253,0.03877117655232169,0.33888331055641174,0.42186447978019714,0.41381317377090454,0.33251625299453735,0.6633342504501343,0.04491790011525154,0.08216796070337296,0.0755072757601738,0.31064853072166443,0.0,0.0,0.5830174684524536,-0.8001384139060974,0.3256613314151764,-0.6261547207832336,0.2887725532054901,-0.6005259156227112,0.20699474215507507,-0.6085236072540283,0.149511456489563,-0.6574829816818237,0.20194993913173676,-0.9416502118110657,0.13026385009288788,-0.9914793968200684,0.06408832967281342,-0.9968779683113098,0.007192621938884258,-0.9580032229423523,0.0,1.0,fist
1.6845175973231319,1.5086371315549918,1.9513204026740967,1.4697130148542463,1.6340740647987722,1.8320738850440272,1.4067736164041225,1.6219333330635106,1.795214535005208,1.367277510063828,1.6183782036916383,1.8741931001241972,2.993171025164907,2.5510806479146004,0.44955996893528793,0.20959759025443753,0.18204009777064928,0.11530905641011945,0.04349328567981731,0.3500065505504608,0.4291374385356903,0.4174742102622986,0.326020210981369,0.6415085196495056,0.04255111888051033,0.0778091698884964,0.07564185559749603,0.29818233847618103,0.0,0.0,0.5796516537666321,-0.773154616355896,0.32737043499946594,-0.6141989827156067,0.2891576886177063,-0.5954804420471191,0.21171121299266815,-0.6029844880104065,0.15277230739593506,-0.650396466255188,0.19604894518852234,-0.9386358261108398,0.12532909214496613,-0.9921151995658875,0.0626714751124382,-0.9929484128952026,0.014270445331931114,-0.9455344080924988,0.0,1.0,fist
1.7259506901047692,1.4741546623082802,2.0633271892670573,1.4946608409945816,1.6151496306081792,1.9112143335882155,1.427274759362798,1.5976030601644562,1.8541612023926601,1.3799239816877977,1.6015527333575268,1.9217716654793526,2.983232357495154,2.5405757644685942,0.45221081833760435,0.2098331376188784,0.18160833606159602,0.11328532295352015,0.0430623840771058,0.35509806871414185,0.4307292401790619,0.41627413034439087,0.3291366994380951,0.6547896265983582,0.043859608471393585,0.07855939865112305,0.07393509149551392,0.305002361536026,0.0,0.0,0.5749080181121826,-0.7821822166442871,0.32162195444107056,-0.6122627854347229,0.2821092903614044,-0.5932255983352661,0.2042817622423172,-0.6039239764213562,0.14805066585540771,-0.6519287824630737,0.19315215945243835,-0.9433068037033081,0.1209293082356453,-0.9926610589027405,0.056398846209049225,-0.9930444955825806,0.003837502095848322,-0.9477894306182861,0.0,1.0,fist
1.7789481965539593,1.4196542217151182,1.930263548445431,1.5359251154321305,1.5772028512641525,1.7754693195685582,1.4543837346921855,1.576795771922002,1.7665785648868197,1.3810365536840372,1.6081897070385125,1.8369758211792955,2.9711386273959324,2.5207887012566195,0.48796171553897055,0.21566785212003323,0.17915015150223157,0.09833329008667134,0.018886989721232064,0.3209444582462311,0.39895176887512207,0.3947628140449524,0.3171534240245819,0.6523945927619934,0.04405446723103523,0.08480212092399597,0.07708621770143509,0.3034641146659851,0.0,0.0,0.5846836566925049,-0.792464554309845,0.3281934857368469,-0.6302817463874817,0.2865455746650696,-0.6159204244613647,0.20210571587085724,-0.6237504482269287,0.14017431437969208,-0.6696501970291138,0.22491152584552765,-0.9341537356376648,0.14597783982753754,-0.9892878532409668,0.0700698271393776,-0.9957776069641113,0.004357940051704645,-0.956251323223114,0.0,1.0,fist
3.0371277083649706,3.0569639907250634,3.1384355091810257,2.980976493201502,3.024715732145166,3.133857729917457,3.033401028001779,0.32588185866825337,3.058591466462469,2.5189914251967584,0.7662964866755676,3.008722487911086,2.0689750825823654,2.7412128430936433,0.05910633675819839,0.4063656244885063,0.46073460814726774,0.00918808282403883,0.06460534741883432,0.7098779678344727,0.8921880722045898,0.32102400064468384,0.30314239859580994,0.6479077935218811,0.4848100244998932,1.2892534732818604,0.16769561171531677,0.9663220047950745,0.0,0.0,-0.05956268683075905,-0.7820877432823181,-0.49881619215011597,-1.6428052186965942,-0.08068938553333282,-1.8881839513778687,-0.05926580727100372,-0.5991084575653076,0.03862423449754715,-0.46294915676116943,-0.26939359307289124,-0.9710225462913513,-0.08896927535533905,-0.9960343241691589,0.07296494394540787,-0.8916344046592712,0.21032966673374176,-0.7127742171287537,1.0,0.0,peace
3.0537315668513116,3.0649099127671744,3.138186141994836,2.9776298286987757,3.0264682089418242,3.127375213117642,3.028377638464683,0.33001702130758104,3.0663891970578456,2.4882370237434803,0.789765614561313,3.013294181289039,2.0751356165176214,2.7080498330638547,0.05849966779337451,0.4061986242392072,0.46109073346995405,0.010181050465110413,0.06402992367061708,0.7145975828170776,0.8980503678321838,0.32401466369628906,0.305493026971817,0.6484357118606567,0.4833758771419525,1.2963120937347412,0.16785280406475067,0.9687938094139099,0.0,0.0,-0.06715688109397888,-0.7800688743591309,-0.4981350600719452,-1.647720456123352,-0.08211415261030197,-1.893848180770874,-0.06389525532722473,-0.5976641774177551,0.03713615983724594,-0.4636223316192627,-0.27229151129722595,-0.9697496891021729,-0.09108962118625641,-0.995842695236206,0.07113215327262878,-0.8922029733657837,0.20941172540187836,-0.7159061431884766,1.0,0.0,peace
3.042252914024559,3.0568112244547985,3.138343073891108,2.98582977501988,3.0253571304241547,3.1181976130111235,3.008728747739654,0.33528220471728787,3.075079543627358,2.5099613323533316,0.7648778109449947,3.0362434522635833,2.065150751979257,2.7666031823561164,0.058584983434488695,0.40517675123899755,0.46040372842168337,0.010408135425842216,0.06542640111779507,0.713039219379425,0.8962998390197754,0.3265727758407593,0.3088357746601105,0.6509828567504883,0.4819071292877197,1.2983291149139404,0.1690509170293808,0.9660252332687378,0.0,0.0,-0.06472974270582199,-0.7790477871894836,-0.48942774534225464,-1.6467092037200928,-0.0751325786113739,-1.8928676843643188,-0.056509435176849365,-0.5946720838546753,0.04265546426177025,-0.45776140689849854,-0.2643720209598541,-0.9701185822486877,-0.0824221819639206,-0.9965975284576416,0.079328753054142,-0.8916531801223755,0.21671991050243378,-0.7128713726997375,1.0,0.0,peace
3.0427872745583304,3.061242461913793,3.1336966105013264,2.9869750665821813,3.0254533780470942,3.1083680651385177,3.023426371169782,0.31609381346276433,3.083954286969106,2.5905869074511605,0.6756598634469387,3.0389569340711295,2.0875732772289997,2.7222669553709995,0.05977477892829021,0.4065128867930754,0.46272595312176795,0.007383780566356518,0.06360260022707934,0.7112453579902649,0.8968918919563293,0.3182094693183899,0.29610034823417664,0.6491695046424866,0.4817501902580261,1.289395809173584,0.16825228929519653,0.9615522623062134,0.0,0.0,-0.06353118270635605,-0.7837076783180237,-0.49348801374435425,-1.6437773704528809,-0.08141742646694183,-1.8933391571044922,-0.053044337779283524,-0.6042555570602417,0.0508478581905365,-0.47191038727760315,-0.2659650444984436,-0.9699055552482605,-0.0841694325208664,-0.9964514970779419,0.07858946919441223,-0.8939619660377502,0.21757236123085022,-0.7166109085083008,1.0,0.0,peace
3.043130637796916,3.0597478493280845,3.141138156092849,2.99007926474359,3.0320330402224775,3.1244742151093785,3.006156312679192,0.34385607652338596,3.0746503949734034,2.5228854478368734,0.7477058997520224,3.02104500216151,2.0735226615406535,2.6908322134515252,0.05669448172451273,0.40797381032629176,0.46126026133382936,0.011148244603147542,0.06292320164832534,0.7122108936309814,0.8910117149353027,0.3272703289985657,0.2987137734889984,0.6434385776519775,0.4766623377799988,1.290586233139038,0.16508951783180237,0.9723080396652222,0.0,0.0,-0.06319122761487961,-0.7747318744659424,-0.4932155907154083,-1.646776556968689,-0.08169039338827133,-1.8873051404953003,-0.061904698610305786,-0.5968706011772156,0.04490428417921066,-0.4709881544113159,-0.26712581515312195,-0.9714042544364929,-0.08590484410524368,-0.996303379535675,0.07638420909643173,-0.8934882879257202,0.2147957980632782,-0.7166846990585327,1.0,0.0,peace
3.1275501302177733,3.034822799536687,3.0231550390265873,3.013013971999322,2.9908145352213404,3.1355121479753585,2.9718725088578704,0.8175772423332777,2.52362520822395,2.2776763752380877,0.853512243390134,2.909102033724764,2.6059934280961694,3.075070539761876,0.10990474004242311,0.3773082333514789,0.36436823134072016,0.08249241161339828,0.06592638339075776,1.0224666595458984,1.0737557411193848,0.10790552198886871,0.14356617629528046,0.6467077136039734,0.6093669533729553,1.1022623777389526,0.3560718297958374,1.0246162414550781,0.0,0.0,-0.32376646995544434,-1.0150744915008545,-0.3979974389076233,-2.0369982719421387,-0.9715873599052429,-1.8312734365463257,-0.5579832196235657,-0.8095524311065674,-0.5366953611373901,-0.4541175067424774,-0.2518656849861145,-1.025028109550476,-0.444656640291214,-0.8957011103630066,-0.5974341034889221,-0.7091172337532043,-0.678858757019043,-0.4741378724575043,1.0,0.0,peace
3.112135605357847,3.0198069791002227,3.056919404177835,3.072262248301923,3.0145273085087774,3.123834071053412,2.8775050141908842,0.7883189361447294,2.5443408292661243,2.1420851822355624,1.0221883554639868,2.7854096378116266,2.3383034349671936,2.5445696094527905,0.0996896604454713,0.3897395380696756,0.3710452854223619,0.07584716849533094,0.06367834729764131,1.0358567237854004,1.0638115406036377,0.1039668619632721,0.149870365858078,0.6577606201171875,0.6101782917976379,1.1201738119125366,0.2938859462738037,1.1179065704345703,0.0,0.0,-0.5201042890548706,-0.9201868772506714,-0.43318766355514526,-2.0347094535827637,-0.9988662600517273,-1.805962324142456,-0.566453218460083,-0.7726142406463623,-0.5594696402549744,-0.4788112938404083,-0.27598538994789124,-1.0108507871627808,-0.47997304797172546,-0.8772832751274109,-0.6269566416740417,-0.688065767288208,-0.709229052066803,-0.4730452597141266,1.0,0.0,peace
3.103108688324905,3.031883650566698,3.0749634680402127,3.0582296547998897,2.996515350061898,3.1340727906976187,2.8939606462168603,0.7350798726004386,2.638294122306858,2.1313674817468558,1.1018967292855484,2.8261197702436633,2.2800404085825385,2.58190566444921,0.09957522421531743,0.3940259408434478,0.37948227604054835,0.0667994205836548,0.06011713804030981,1.0092495679855347,1.0571813583374023,0.1045265942811966,0.1672835499048233,0.6659582853317261,0.601588785648346,1.152390956878662,0.25580263137817383,1.124006986618042,0.0,0.0,-0.5404500365257263,-0.8955680727958679,-0.42344141006469727,-2.0134682655334473,-0.987601101398468,-1.8045833110809326,-0.5341565608978271,-0.7451528310775757,-0.539653480052948,-0.48940926790237427,-0.2721974551677704,-1.0156155824661255,-0.47531065344810486,-0.8798180222511292,-0.6215102076530457,-0.687749445438385,-0.7064037919044495,-0.4760630428791046,1.0,0.0,peace
3.09692196565483,3.0338336238503962,3.051661624677223,3.081245602629342,3.003954629921332,3.139824717385137,2.8675982649040512,0.7780553268761304,2.566110975287213,2.2220489267249843,0.9819722098915227,2.8256909818622953,2.4015035803627978,2.6460046659396337,0.10010384240987096,0.38765940913741237,0.37040983512755815,0.07822890891230326,0.06359800414331913,1.028882384300232,1.0614479780197144,0.10587470978498459,0.1466779261827469,0.6465193629264832,0.5986741185188293,1.110061526298523,0.2875974774360657,1.0923696756362915,0.0,0.0,-0.5027415752410889,-0.9287621378898621,-0.4547525644302368,-2.0200772285461426,-1.0102711915969849,-1.79689621925354,-0.5848261117935181,-0.7715996503829956,-0.5761245489120483,-0.48413383960723877,-0.29178428649902344,-1.0041834115982056,-0.49407055974006653,-0.8694218397140503,-0.6420007944107056,-0.6824901103973389,-0.7211127281188965,-0.46193379163742065,1.0,0.0,peace
3.1001908055595666,3.034012418018224,3.0657182995694128,3.068177988297876,3.0176153459197517,3.120406921693469,2.9902715546344663,0.6031777628389161,2.6631464437855192,2.2895802213360334,0.8728248032259025,2.8979511685786195,2.3750487782455103,2.6161902535956854,0.09698854104506054,0.38853625239393713,0.3711525880306096,0.07483806339702899,0.06848455485924315,1.0129120349884033,1.0400539636611938,0.07222112268209457,0.1383981704711914,0.6396598219871521,0.5947606563568115,1.1170305013656616,0.2796023190021515,1.0960338115692139,0.0,0.0,-0.5122019648551941,-0.9041334986686707,-0.45958757400512695,-1.9989036321640015,-1.0096251964569092,-1.7726320028305054,-0.58423912525177,-0.7397701144218445,-0.5757396221160889,-0.46029701828956604,-0.2914082109928131,-1.0000510215759277,-0.4879962205886841,-0.8728457093238831,-0.632746696472168,-0.6862639784812927,-0.7139778137207031,-0.46694958209991455,1.0,0.0,peace
3.131104240233063,3.0733679583123226,3.107386565736799,3.0088529972946443,3.1027452034057585,3.12876464691323,3.063220060629731,0.38394582386809867,3.0296294810081617,2.604540404685418,0.8876563443360115,2.9699556660692674,2.1773046798062277,2.8653292573427738,0.09244766119608878,0.4009918595880517,0.44594493838572485,0.03981531744793358,0.020800223049170834,0.7973173260688782,0.9616307616233826,0.21767885982990265,0.23695118725299835,0.7236394286155701,0.4290761649608612,1.2242001295089722,0.16941110789775848,0.9266722798347473,0.0,0.0,0.1849975287914276,-0.8703696131706238,0.5171074867248535,-1.7354849576950073,0.14713792502880096,-1.952807068824768,0.11241820454597473,-0.7290993332862854,0.018427211791276932,-0.5881531834602356,0.31310856342315674,-0.964706540107727,0.13160888850688934,-0.9913017153739929,-0.03668961673974991,-0.8876898288726807,-0.18901266157627106,-0.702672004699707,0.0,1.0,peace
3.1303188160237543,3.0785196993967983,3.111840705969614,3.0014674535994756,3.0956363998178538,3.132355209833043,3.0614689833068605,0.4070379655163558,3.0260236914727927,2.609536805965027,0.9144454173653547,2.9633965796322514,2.190092943272655,2.8788304523369472,0.0936981266204124,0.40297318083647976,0.4442609601205075,0.041094932377168034,0.01797279971424253,0.8052480816841125,0.964372456073761,0.22087109088897705,0.23324555158615112,0.7188111543655396,0.4302252531051636,1.225037932395935,0.16330131888389587,0.9348819255828857,0.0,0.0,0.1976771205663681,-0.8706544637680054,0.5204451680183411,-1.7480511665344238,0.14361602067947388,-1.9556410312652588,0.12151581048965454,-0.7308024168014526,0.022182606160640717,-0.6011866927146912,0.31311073899269104,-0.9699528813362122,0.13126148283481598,-0.9913477301597595,-0.037229038774967194,-0.8843736052513123,-0.19006364047527313,-0.6979080438613892,0.0,1.0,peace
3.13589794280631,3.074775453580302,3.1095590918533937,3.0069119682992413,3.097774195391941,3.130746743603686,3.0571647962032578,0.4086552357585601,3.0301409845067524,2.6019006572846024,0.9484374441699112,2.9784423771384416,2.1907289565012515,2.8738328757772265,0.09198117238144254,0.4028810584465411,0.4465137587531623,0.04173881925823343,0.0168851908247507,0.7901796698570251,0.9520019888877869,0.21876272559165955,0.2309972494840622,0.7125697135925293,0.42599010467529297,1.2120693922042847,0.15643556416034698,0.9263052940368652,0.0,0.0,0.18668611347675323,-0.8645687699317932,0.5092740654945374,-1.732888102531433,0.13916872441768646,-1.943813681602478,0.11647875607013702,-0.7319567203521729,0.02200799062848091,-0.6072676777839661,0.30745261907577515,-0.9689168930053711,0.12711495161056519,-0.9918879866600037,-0.040035076439380646,-0.8847982883453369,-0.19040243327617645,-0.6980506181716919,0.0,1.0,peace
3.134039854783659,3.073751607588486,3.1099604177304645,3.0046288477339935,3.0960383464676093,3.1330354456556435,3.0668144627817533,0.41362767353023466,3.0274814144958255,2.6100572824900072,0.956569408040866,2.970967765186235,2.1871604628446173,2.8719847976762565,0.09251063560142232,0.402043245379588,0.44588330849109764,0.042806363067256326,0.01675644712850039,0.7997918128967285,0.9644932746887207,0.21830986440181732,0.2293759286403656,0.7143509984016418,0.4298582971096039,1.221199631690979,0.1576196253299713,0.93290776014328,0.0,0.0,0.19249628484249115,-0.8667411208152771,0.513401210308075,-1.7427188158035278,0.14029352366924286,-1.95618736743927,0.12011393904685974,-0.7351544499397278,0.02208367921411991,-0.611728310585022,0.30955806374549866,-0.969339907169342,0.12801438570022583,-0.9917722940444946,-0.04017459601163864,-0.8833664059638977,-0.19172322750091553,-0.6947940587997437,0.0,1.0,peace
3.1389295536758928,3.074881830273239,3.1079556722000694,3.0073561156807296,3.1005907209176558,3.1299399768126683,3.067046265238839,0.41082832501861377,3.0307410591749937,2.6268220798146102,0.9430183954451622,2.9789375505756808,2.1912111684244735,2.8545755553443657,0.09106114136335065,0.40292894413137875,0.4463462017537541,0.042678357530007746,0.01698535488882116,0.799704909324646,0.96335768699646,0.21804127097129822,0.22805820405483246,0.7091795802116394,0.4311290979385376,1.2210943698883057,0.15648981928825378,0.9385014772415161,0.0,0.0,0.19221416115760803,-0.8611693978309631,0.5160180330276489,-1.7420417070388794,0.141142800450325,-1.9549756050109863,0.12036184966564178,-0.7340580821037292,0.021329712122678757,-0.6128900051116943,0.3088667094707489,-0.9696322679519653,0.12857390940189362,-0.9916998744010925,-0.03926233574748039,-0.8825913071632385,-0.19188743829727173,-0.6938158273696899,0.0,1.0,peace
3.128223467460031,3.095257356090168,3.1404880933384094,3.002251252302805,3.1116388907157186,3.0946200645712203,2.71612307599603,0.24878995780324872,3.037952605602827,3.1076854986894853,0.06577707429652295,3.1328052116427036,2.3411053916637297,2.3779916607810754,0.07341312858757253,0.3877566151593931,0.3796436342125874,0.07342009928011231,0.08576652246256555,0.9523938894271851,0.9545474648475647,0.058134861290454865,0.15502259135246277,0.5491639375686646,0.4969625771045685,1.1046090126037598,0.2756825387477875,1.0944533348083496,0.0,0.0,0.2942952811717987,-0.87263423204422,0.0858970656991005,-1.9470634460449219,0.5759242177009583,-1.8643277883529663,0.40337592363357544,-0.7732785940170288,0.4366106390953064,-0.4996066689491272,0.04940352216362953,-0.995369017124176,0.24054376780986786,-0.9706383347511292,0.40550312399864197,-0.8313745260238647,0.5294620990753174,-0.6237461566925049,0.0,1.0,peace
3.1169471846868877,3.0953362302721534,3.1344753618056487,2.9888646907888354,3.1254789453309093,3.095145987616502,2.645974203020227,0.3597394367603858,2.975132587713711,3.0584542736676257,0.14438615920844275,3.109254065910052,2.3204899004232615,2.393497115703881,0.07157329904913759,0.38837951191161496,0.3800832740113759,0.07099113181881013,0.08897278290855926,0.947520911693573,0.9472662210464478,0.07629688084125519,0.15743452310562134,0.5293043851852417,0.49683862924575806,1.112209677696228,0.2659749388694763,1.0937539339065552,0.0,0.0,0.2968918979167938,-0.8641534447669983,0.09627677500247955,-1.9393516778945923,0.5854533910751343,-1.8524329662322998,0.4034733474254608,-0.755212128162384,0.4418630003929138,-0.49202224612236023,0.04856298863887787,-0.9930328726768494,0.237497940659523,-0.9713879823684692,0.40500015020370483,-0.8314937353134155,0.5336282849311829,-0.619947075843811,0.0,1.0,peace
3.1109110152552333,3.0938512733000283,3.138834585799718,3.0003176166017402,3.132206667454704,3.0734499213315316,2.6441038903427203,0.3993954846337895,2.955215144123832,3.083240787731826,0.14468118558601661,3.0944168790254944,2.350117147521076,2.3712773982862294,0.07061219975578027,0.38706593962144553,0.37876729230956796,0.07304448015047904,0.09051008786254737,0.9400855898857117,0.9422400593757629,0.07721764594316483,0.15636274218559265,0.5223362445831299,0.4831787347793579,1.1117218732833862,0.2701619267463684,1.0891209840774536,0.0,0.0,0.29206961393356323,-0.8621285557746887,0.10329354554414749,-1.9347647428512573,0.5789795517921448,-1.8500033617019653,0.4145396947860718,-0.7505102753639221,0.4450662434101105,-0.48207855224609375,0.05098677799105644,-0.9961354732513428,0.240566685795784,-0.9706325531005859,0.4063683748245239,-0.8272943496704102,0.5353366732597351,-0.6097521781921387,0.0,1.0,peace
3.107882305410286,3.0908230309913334,3.1320378469821972,2.9914399150491655,3.115577786919986,3.1048283666105,2.623527501316006,0.38854687359586865,2.9881657338242094,2.885138130227165,0.323379346915286,3.1151227280289584,2.331321002973772,2.346362613730157,0.07132837751990263,0.3879911512239639,0.3798437639515992,0.0695913098797557,0.09124539712391953,0.9440613389015198,0.9424588084220886,0.08576057851314545,0.16526904702186584,0.5334442257881165,0.4821125566959381,1.1202367544174194,0.2684834599494934,1.090016484260559,0.0,0.0,0.2942345440387726,-0.8617620468139648,0.10516191273927689,-1.9352551698684692,0.5796082019805908,-1.8496209383010864,0.40152958035469055,-0.743628978729248,0.4416326880455017,-0.47815749049186707,0.049639686942100525,-0.9928278923034668,0.23790700733661652,-0.9712879061698914,0.4045247435569763,-0.8293372392654419,0.5302087068557739,-0.6176857948303223,0.0,1.0,peace
3.1027978499374402,3.092230016964958,3.1360873871245176,2.989363803983067,3.1086675738791447,3.0899300464840334,2.6612467042425467,0.34674568389810845,2.975578942552689,3.0134228322124232,0.20374906183223193,3.1167847128224735,2.3143399671758016,2.3780622390670274,0.0718543349895551,0.38584090114723363,0.37986225841078813,0.07129109107174304,0.09115141408150511,0.9454188346862793,0.9499637484550476,0.07442396134138107,0.1555728018283844,0.535213828086853,0.4783995747566223,1.115907073020935,0.2737310230731964,1.0909558534622192,0.0,0.0,0.3048945665359497,-0.8611677885055542,0.11244437098503113,-1.9350148439407349,0.584318995475769,-1.8562716245651245,0.40752503275871277,-0.7544583678245544,0.45134320855140686,-0.4842572510242462,0.0509987473487854,-0.9915948510169983,0.24093370139598846,-0.9705415964126587,0.4102591872215271,-0.8288320899009705,0.5381308794021606,-0.6133726835250854,0.0,1.0,peace
2.8403066377558885,1.2452764953497668,2.481444543880845,2.929466281629588,1.2159722602280874,2.451891192627574,3.0277603540690774,1.2516387331351282,2.5698324126480774,3.0299659749661547,1.6928132400693354,2.510078935156753,2.875267074668643,2.1569784319544127,0.24670336334341034,0.19165926864481916,0.19521642079186002,0.1908513454479755,0.17556960145545075,0.30907365679740906,0.37116357684135437,0.44576919078826904,0.463735967874527,0.6637658476829529,0.03630984202027321,0.02491649240255356,0.04854148253798485,0.7792041897773743,0.0,0.0,-1.0321563482284546,-0.1267329752445221,-0.8990488648414612,-0.8944839239120483,-0.8888790607452393,-0.9293404817581177,-0.8894567489624023,-0.9044306874275208,-0.8467244505882263,-0.8814040422439575,-0.6070607900619507,-0.7931454181671143,-0.5262182950973511,-0.8503495454788208,-0.44533467292785645,-0.8661457896232605,-0.38583993911743164,-0.83005690574646,1.0,0.0,half_love
2.8547347664315392,1.3437666246909592,2.4368931834016583,2.964944166898419,1.276119029128689,2.4270921085493398,3.055029869181141,1.2850152119871585,2.56327918212234,3.0116439738531597,1.697074881156721,2.4984988362526863,2.925201832175454,2.211959966679983,0.2366589003137696,0.19841658142788438,0.19940394970325007,0.19347306914322168,0.17204749910184858,0.3442007601261139,0.40020906925201416,0.46706563234329224,0.4669392704963684,0.6750906705856323,0.029624441638588905,0.024814032018184662,0.06918242573738098,0.7544589042663574,0.0,0.0,-1.0288441181182861,-0.1780599057674408,-0.9123003482818604,-0.923462986946106,-0.8982799053192139,-0.9495596289634705,-0.8916836977005005,-0.9256383776664734,-0.8328949809074402,-0.8891679048538208,-0.5898399353027344,-0.8030742406845093,-0.5078977346420288,-0.8614174127578735,-0.4272717833518982,-0.8759204149246216,-0.36878010630607605,-0.8378877639770508,1.0,0.0,half_love
2.8228138262475517,1.2849009244433265,2.4555848280557746,2.9232056040283383,1.2582196187119896,2.4344033643291643,3.018673548279261,1.2780458474345613,2.5586833729746292,3.029999401466598,1.7157531260135683,2.4949177369827904,2.902719438417477,2.249782496218597,0.2393770421801745,0.1937025274434078,0.19888748448296828,0.19329862622632923,0.174734319352176,0.31731680035591125,0.38237154483795166,0.4506314992904663,0.4597165584564209,0.6705582737922668,0.039316367357969284,0.025009309872984886,0.059263672679662704,0.7510761022567749,0.0,0.0,-1.031699776649475,-0.17123942077159882,-0.8984919786453247,-0.9104085564613342,-0.8914194703102112,-0.9490835666656494,-0.887397050857544,-0.9243998527526855,-0.835803210735321,-0.8952406644821167,-0.602981686592102,-0.7948074340820312,-0.5212051272392273,-0.8534314036369324,-0.44005119800567627,-0.8700819611549377,-0.3799431622028351,-0.8358190059661865,1.0,0.0,half_love
2.8469138037737998,1.2606657564064219,2.4786452081159465,2.9368982166169735,1.225131319501558,2.4444054216163944,3.0242649588992583,1.258939195561815,2.5577586469723945,3.042822001595237,1.6892735659871074,2.47993304701617,2.9066941054766344,2.2068595389033487,0.24294840404869192,0.1938457710262635,0.19626871699743154,0.19187484065397253,0.17506226695771135,0.31586524844169617,0.3760030269622803,0.4455745220184326,0.454996794462204,0.667043924331665,0.030894160270690918,0.01741098426282406,0.05647128075361252,0.7659690380096436,0.0,0.0,-1.0289726257324219,-0.15360184013843536,-0.8969895243644714,-0.9081142544746399,-0.8862998485565186,-0.9371001124382019,-0.8810644149780273,-0.9204949140548706,-0.8268874287605286,-0.9045619368553162,-0.600429356098175,-0.7993810176849365,-0.5194866061210632,-0.8544785976409912,-0.43817755579948425,-0.8716288805007935,-0.37651723623275757,-0.8398411273956299,1.0,0.0,half_love
2.8621015233347142,1.3564415406038792,2.4308741905531353,2.9779025806235078,1.2797058962617345,2.427447751532572,3.060784747528431,1.2923168358766688,2.5545905400643383,3.0113293156285983,1.7268712030772584,2.483393487002711,2.904758727794838,2.2464564731198897,0.23832963323558595,0.19789451631760516,0.1972346307524374,0.1926980147463929,0.1738432046371863,0.34236735105514526,0.3981812596321106,0.4635910987854004,0.46598491072654724,0.6746495962142944,0.01896754652261734,0.014605323784053326,0.06422588229179382,0.7492548227310181,0.0,0.0,-1.0346131324768066,-0.18028801679611206,-0.9129264950752258,-0.9195952415466309,-0.9007315039634705,-0.9341228008270264,-0.888968288898468,-0.9254658818244934,-0.827300488948822,-0.9075202345848083,-0.5916789174079895,-0.8012086153030396,-0.5094114542007446,-0.8605230450630188,-0.4279085099697113,-0.8770862221717834,-0.3657456338405609,-0.843418300151825,1.0,0.0,half_love
3.0170255566414337,2.0167139353290384,2.4877880130044265,1.4332324876131413,2.7347323913097252,3.0859572350679687,1.2434682298595394,1.7021751012042265,2.0436174919658803,1.3941108670873477,1.6791688722003282,1.9464424686456718,3.0451366982899404,2.8783337876589825,0.15523078593412748,0.2893892320977915,0.279293750091551,0.12952949669370836,0.14655673487707072,0.5521685481071472,1.0364688634872437,0.5670531988143921,0.41509300470352173,0.6480887532234192,1.0659840106964111,0.6292153000831604,0.1323820799589157,0.6425832509994507,0.0,0.0,-0.9197370409965515,-0.458739697933197,-1.1733063459396362,-1.0491766929626465,-1.1755247116088867,0.016805032268166542,-0.5548815727233887,-0.08670322597026825,-0.4485819935798645,-0.007801935076713562,-0.6514517068862915,-0.8687387704849243,-0.5680586695671082,-0.8229881525039673,-0.4854905903339386,-0.6494947075843811,-0.42241421341896057,-0.4220692813396454,1.0,0.0,half_love
3.033402848115803,1.9763695736943947,2.487717909441107,1.4420901754686368,2.726996230901382,3.0946519298238955,1.2598120213936224,1.6664994500348593,2.034835836425702,1.4150753530497702,1.6324276893814589,1.9568112919627398,2.9987556233940618,2.901175489136792,0.15368286070125178,0.28919726937143475,0.2827159108510295,0.12882210953286277,0.14558184923620326,0.556632936000824,1.0383442640304565,0.5571404099464417,0.4059518873691559,0.655812680721283,1.0448216199874878,0.6280843615531921,0.1342746764421463,0.6171989440917969,0.0,0.0,-0.9099131226539612,-0.4784930646419525,-1.1767889261245728,-1.0350106954574585,-1.1829582452774048,0.009792694821953773,-0.5644590258598328,-0.0995170995593071,-0.45788100361824036,-0.017842048779129982,-0.6444206833839417,-0.8724552989006042,-0.5653128027915955,-0.8248766660690308,-0.4869123697280884,-0.6512343883514404,-0.42785143852233887,-0.4226817190647125,1.0,0.0,half_love
3.0619924250514425,2.079703539412032,2.517295348273432,1.4694478999512148,2.7190539474549467,3.1085394487103284,1.2772236448384668,1.671483448004313,2.0885104854351515,1.442411971765364,1.6402297398047951,1.986391445249109,3.0595747513881784,2.9302294944336857,0.15140616759011824,0.2942575224752258,0.2821694710314864,0.12803411817454394,0.14413272042785688,0.5917773246765137,1.053552508354187,0.5656054019927979,0.4113026559352875,0.660132884979248,1.0815236568450928,0.6556780338287354,0.11974769085645676,0.6516066789627075,0.0,0.0,-0.9226647615432739,-0.4773924648761749,-1.208686113357544,-1.0628691911697388,-1.2109078168869019,0.01865224353969097,-0.5633620023727417,-0.08429478108882904,-0.47071656584739685,-0.008424279280006886,-0.650138795375824,-0.8673562407493591,-0.5728142857551575,-0.819685161113739,-0.4998249411582947,-0.6463201642036438,-0.44756120443344116,-0.4190746247768402,1.0,0.0,half_love
3.0317314164404743,2.0321239469875603,2.4919027001114005,1.4740274633918236,2.7109081468350285,3.097573935533944,1.2713725666479139,1.6721066971192435,2.0734518321610302,1.4291658372485763,1.637727824560291,1.9867686013682462,3.1273610678414188,2.971583204966426,0.1513283111048796,0.2959627278433972,0.28340823448826963,0.12606212694908722,0.14323859930968338,0.5794249176979065,1.0471407175064087,0.5578856468200684,0.4062011241912842,0.6662076115608215,1.0738117694854736,0.6540386080741882,0.12616005539894104,0.6329626441001892,0.0,0.0,-0.9123866558074951,-0.49956777691841125,-1.1944820880889893,-1.0661927461624146,-1.2047661542892456,0.007569761015474796,-0.5591672658920288,-0.09716130048036575,-0.4614173471927643,-0.017403466627001762,-0.6494594812393188,-0.8695111870765686,-0.5675293803215027,-0.8233532309532166,-0.4914005696773529,-0.650915801525116,-0.4388399124145508,-0.42297664284706116,1.0,0.0,half_love
3.004890761651839,1.9865761255081704,2.462175306208849,1.4681123502991744,2.715768756208953,3.1163832616377345,1.2657129358226147,1.693263585086064,2.108974252470224,1.397986067552845,1.6668309800228092,1.9870564686791103,3.0754810277314677,2.982514740611807,0.1502502876722959,0.2926607010926072,0.281713683576949,0.13084455887276497,0.14453076847613552,0.5586626529693604,1.0262339115142822,0.5765914916992188,0.4190869927406311,0.656510591506958,1.0412412881851196,0.642653226852417,0.12187754362821579,0.6119552850723267,0.0,0.0,-0.9009182453155518,-0.5063180327415466,-1.1724145412445068,-1.0547512769699097,-1.1939823627471924,-0.013733361847698689,-0.5555801391601562,-0.0875287801027298,-0.45349764823913574,-0.020945746451616287,-0.6467143893241882,-0.8656923174858093,-0.5653224587440491,-0.8248700499534607,-0.48694664239883423,-0.6600208878517151,-0.4311424493789673,-0.43943607807159424,1.0,0.0,half_love
2.8625375273220155,1.1069774409381072,2.5411652226174786,2.983279312129729,1.1002031773401542,2.4336594489069534,3.1411063788563167,1.1903094616386014,2.5503634394321555,2.8880579629606475,1.7015698903771221,2.4586761309185294,2.7130605323706876,2.417795773601231,0.25880207009678236,0.21261321960241336,0.19970693539147752,0.17937959400774653,0.14949818059959843,0.3459123969078064,0.39543020725250244,0.4662605822086334,0.47422972321510315,0.6669026613235474,0.06434741616249084,0.06900633126497269,0.16224583983421326,0.8996107578277588,0.0,0.0,0.9727420210838318,-0.02254502847790718,0.9319688081741333,-0.9212313294410706,0.8704414963722229,-0.940072238445282,0.8061766624450684,-0.914934515953064,0.6469799876213074,-0.946241557598114,0.5946841239929199,-0.8444560766220093,0.4800334572792053,-0.8772501349449158,0.3416454493999481,-0.8748134970664978,0.18799400329589844,-0.8269699811935425,0.0,1.0,half_love
2.8662908450423004,1.11305480572435,2.554154415506422,2.994623029734876,1.1227996706902674,2.42989418011099,3.1255759503730287,1.2088949609169701,2.54510237569953,2.8785402676705236,1.7477728042562928,2.4645928878616927,2.6828313077020356,2.431042623801277,0.257063783153793,0.21271734129268388,0.20070047845474734,0.17793092113089917,0.15158747566919714,0.35518479347229004,0.40542036294937134,0.4693368375301361,0.4857131838798523,0.6667266488075256,0.06374791264533997,0.0771975964307785,0.1603514701128006,0.9097026586532593,0.0,0.0,0.9678168892860413,-0.022556442767381668,0.9302529096603394,-0.9314831495285034,0.8700490593910217,-0.952442467212677,0.8002107739448547,-0.919547438621521,0.6453710198402405,-0.9612277150154114,0.5842469334602356,-0.8512578010559082,0.4707482159137726,-0.8822675943374634,0.3327978253364563,-0.8770952820777893,0.17890922725200653,-0.8258368372917175,0.0,1.0,half_love
2.8636867981398684,1.1482025446268285,2.573916365453444,2.983777795618834,1.1230988019790538,2.4557508765788887,3.140200535266248,1.192058204687772,2.582195325447814,2.8857472496375016,1.7035070033508242,2.5031365835805106,2.719217352102356,2.432799769881519,0.25573585785356584,0.21616364069148397,0.20132206884781578,0.17872157804557104,0.14805685425659984,0.3515942394733429,0.3938979506492615,0.454680860042572,0.4603942334651947,0.6601196527481079,0.06346043199300766,0.0761193186044693,0.158411905169487,0.8976035118103027,0.0,0.0,0.958548367023468,-0.035472024232149124,0.9327778816223145,-0.9327055215835571,0.8699695467948914,-0.941779613494873,0.798915445804596,-0.9144763946533203,0.6425760388374329,-0.9400169849395752,0.5932016372680664,-0.8415656089782715,0.48153045773506165,-0.8764293193817139,0.34586644172668457,-0.8759892582893372,0.19553083181381226,-0.8299559354782104,0.0,1.0,half_love
2.8517485686912503,1.1625572320876165,2.550872381816456,2.979384217466992,1.1398654401541168,2.4439721749962273,3.1366835503569828,1.212622447185595,2.5664341604864096,2.889772409672518,1.7092462661582304,2.4859342527014316,2.711791241001148,2.43558943580404,0.25448678033479283,0.21604888351019227,0.2016502325537427,0.18046995595437437,0.1473441473452258,0.3544706404209137,0.40010035037994385,0.4641399085521698,0.466076523065567,0.6607943177223206,0.06007930263876915,0.07336768507957458,0.16408495604991913,0.9115601181983948,0.0,0.0,0.9604382514953613,-0.032056599855422974,0.9326039552688599,-0.943191647529602,0.8727721571922302,-0.948639452457428,0.8029157519340515,-0.9262140393257141,0.6397860050201416,-0.9438933730125427,0.5924158692359924,-0.8435848951339722,0.47898921370506287,-0.8778207898139954,0.34156298637390137,-0.8754255175590515,0.18852321803569794,-0.8273205161094666,0.0,1.0,half_love
2.868099750887175,1.126689946548715,2.5567623221580122,2.9927280625486796,1.1347669786959238,2.43738217018184,3.1358226447391684,1.2280828250105074,2.5489524073904803,2.8843619663341884,1.7595684686947415,2.4773653905395454,2.7031666062953503,2.4549652021295465,0.255863298642043,0.21230260423905722,0.20018477332068124,0.1803616245741904,0.15128769892834107,0.3588404953479767,0.4108613431453705,0.47974130511283875,0.49024778604507446,0.6776655912399292,0.061787717044353485,0.06971286237239838,0.16215384006500244,0.9091156721115112,0.0,0.0,0.9788650274276733,-0.02303815260529518,0.9385121464729309,-0.9312578439712524,0.8794262409210205,-0.9493293166160583,0.8132344484329224,-0.9274539947509766,0.6542016863822937,-0.9591155052185059,0.5889992117881775,-0.849973201751709,0.4744040369987488,-0.880307137966156,0.3364107012748718,-0.8746256828308105,0.1831529587507248,-0.823262631893158,0.0,1.0,half_love
3.121863524792822,1.9173592788509108,2.4656533450726448,1.3792686866118242,2.702854300033493,2.98329322939716,1.0939479489900483,1.757721773283555,1.9188367513441424,1.0598487065796125,1.489883760786661,1.852575982199062,2.9068691069836703,2.9413141105872063,0.17414032558316472,0.3052603196965786,0.27514926960798153,0.11682802904358122,0.12862205574632618,0.5335092544555664,0.9880746603012085,0.5144851803779602,0.3551269769668579,0.6514002680778503,0.9722573757171631,0.5898491144180298,0.14527703821659088,0.5214506387710571,0.0,0.0,0.8199774622917175,-0.6611095666885376,1.050549030303955,-1.1288141012191772,1.0361559391021729,-0.15666326880455017,0.4529189169406891,-0.2447342723608017,0.32806700468063354,-0.1704549342393875,0.537350058555603,-0.9830097556114197,0.40298593044281006,-0.9152061939239502,0.2877223789691925,-0.7319766283035278,0.20211254060268402,-0.5024950504302979,0.0,1.0,half_love
3.13041932352882,1.8893805004027928,2.473534289331847,1.355521343833466,2.7285840267166828,2.9730578653739457,1.088546624748037,1.8302400779968835,1.8725508489987273,1.0457142293861574,1.6008824753162123,1.7413584804835769,2.884025262681033,2.9147349997940024,0.172779899268903,0.2981543202043919,0.27484353372276865,0.12155745636307654,0.13266479012309262,0.5263329744338989,1.0036007165908813,0.535037636756897,0.3739904761314392,0.6457477807998657,0.9699898958206177,0.5841598510742188,0.1479777991771698,0.5159646272659302,0.0,0.0,0.8188256025314331,-0.651024341583252,1.0435975790023804,-1.1154563426971436,1.0360267162322998,-0.14549601078033447,0.45783254504203796,-0.22876816987991333,0.33037132024765015,-0.15359459817409515,0.5328207015991211,-0.9884390830993652,0.3957787752151489,-0.9183459281921387,0.2761986255645752,-0.7320319414138794,0.18730297684669495,-0.49913811683654785,0.0,1.0,half_love
3.13922562513272,1.9076006212171541,2.483673241784845,1.3549334477878547,2.7205191497971937,2.984529300248271,1.0707887607391187,1.8049443181318374,1.8665473139135218,1.0378244887829544,1.5484713028893178,1.7717494471755393,2.872867748731102,2.903495905749247,0.17220535868603976,0.30168711882983074,0.2733564712801493,0.12099770517287117,0.1317533457088619,0.523615300655365,0.9860326051712036,0.5277882814407349,0.36346670985221863,0.6378397941589355,0.9577059745788574,0.5776272416114807,0.14413203299045563,0.5226005911827087,0.0,0.0,0.8084962964057922,-0.6490045785903931,1.038083553314209,-1.1184735298156738,1.0238219499588013,-0.16087377071380615,0.4509115517139435,-0.23454104363918304,0.3259826898574829,-0.1626604199409485,0.5306892395019531,-0.9891524314880371,0.3936534523963928,-0.9192588925361633,0.27560871839523315,-0.7323657274246216,0.18823449313640594,-0.49901363253593445,0.0,1.0,half_love
3.0978117416769475,2.14344163811598,2.4981476220379863,1.504673608072802,2.650548855694856,3.0897891704937726,1.124587800775571,1.8705302729584168,1.9132219613134889,1.1679900222886708,1.73159880366386,1.5941655877097796,3.0292930696131646,2.9585790307970905,0.15379619807231656,0.28431337271307144,0.2809058834160434,0.13903025832254653,0.1419542872429774,0.7032482624053955,1.3329592943191528,0.7338711023330688,0.48964622616767883,0.7736850380897522,1.320106029510498,0.8366632461547852,0.15572674572467804,0.7146417498588562,0.0,0.0,0.9415836334228516,-0.6321747303009033,1.2439547777175903,-1.2796965837478638,1.3633331060409546,0.03500070795416832,0.5266776084899902,0.0314081534743309,0.38069307804107666,0.08562380075454712,0.6010171175003052,-0.9947592616081238,0.42052555084228516,-0.9072807431221008,0.272624671459198,-0.6570858359336853,0.15310239791870117,-0.34791502356529236,0.0,1.0,half_love
3.1237074983808393,1.9037761154071553,2.475647416737859,1.3743886340809164,2.6887636090884506,2.984796517011652,1.0755312645322708,1.8199231008501815,1.885398197147887,1.0157785774621118,1.5741275161194341,1.715888561691496,2.9140022821398026,2.941352465967856,0.17494908625895544,0.29981823674057523,0.2751417913677249,0.12151623100376273,0.1285746543092744,0.5224205255508423,1.0004593133926392,0.5351466536521912,0.3647540509700775,0.6502828001976013,0.9785979390144348,0.5827483534812927,0.14029212296009064,0.5145754218101501,0.0,0.0,0.8226558566093445,-0.6550190448760986,1.0391255617141724,-1.12184739112854,1.0309678316116333,-0.1432834267616272,0.4545653462409973,-0.2290494292974472,0.32808297872543335,-0.16835272312164307,0.5346893072128296,-0.9859529137611389,0.39746493101119995,-0.9176173210144043,0.27654942870140076,-0.7337198853492737,0.18459907174110413,-0.5037001371383667,0.0,1.0,half_love
3.136594296511019,1.8953701795655897,2.474780413169444,1.3574287802231266,2.718478392329635,2.976146424294977,1.0912360760072568,1.8287766510465868,1.8951717270238546,1.0574775074826361,1.5487121020764618,1.7895274915115145,2.9188576224562524,2.9150444604443115,0.17172449570269221,0.29656812838755175,0.27593220465084944,0.12450543886542596,0.13126973207561216,0.522599995136261,1.007624626159668,0.5428231954574585,0.3677893579006195,0.653661847114563,0.9729804396629333,0.5793313980102539,0.14604483544826508,0.4996452331542969,0.0,0.0,0.8165223598480225,-0.6632653474807739,1.044584035873413,-1.1078249216079712,1.03864324092865,-0.13486258685588837,0.46532174944877625,-0.2180931568145752,0.333265483379364,-0.15572141110897064,0.5366547107696533,-0.9848672747612,0.40180596709251404,-0.9157248139381409,0.2832680344581604,-0.729477047920227,0.19398504495620728,-0.4961181581020355,0.0,1.0,half_love
2.2103644400840627,3.0457185377321823,3.1155089896112074,2.4301768079782433,1.317505825446613,2.0218798678035075,2.9291467303080143,0.39506836091979447,2.768761192774046,2.6636916679881297,0.012394588953508905,3.088466330372235,2.8825041173841943,2.8727501235314543,0.3157991605872945,0.31726584756448656,0.15670670015095825,0.10266509416102308,0.10756319741489687,2.2294600009918213,1.13931405544281,0.7457980513572693,0.5477325320243835,2.514617681503296,1.3411349058151245,0.6453371047973633,0.43406516313552856,0.7152268886566162,0.0,0.0,-0.22308015823364258,-3.2867813110351562,-0.9241560101509094,-3.1452112197875977,-0.6067625880241394,-1.8421746492385864,-0.6937261819839478,-1.2027238607406616,-0.8963691592216492,-0.8188639879226685,0.45606452226638794,-1.3943592309951782,0.14825011789798737,-0.9889498949050903,-0.22115860879421234,-0.62575364112854,-0.6151958107948303,-0.3488081693649292,1.0,0.0,korean_heart
2.1930719404006878,3.0613825762116056,3.1007499322143808,2.444814331728606,0.8059768884902817,2.5074642233766857,2.9950076460896176,0.29916499265137797,2.8599767714050293,2.5831967035289267,0.012137976860520155,3.120384118584198,2.8548161238462257,2.8711687589199286,0.32345504324488006,0.32746836347626523,0.14375477445677115,0.09835723828830839,0.10696458041239529,2.3109915256500244,1.0353683233261108,0.6971954107284546,0.5033908486366272,2.563506603240967,1.52830970287323,0.6009917855262756,0.44241029024124146,0.7207983732223511,0.0,0.0,-0.2686637043952942,-3.3509719371795654,-0.9778810739517212,-3.2222824096679688,-0.5734773278236389,-1.7484478950500488,-0.693684995174408,-1.1596004962921143,-0.906440258026123,-0.7717061042785645,0.469326913356781,-1.4205414056777954,0.13258275389671326,-0.9911720156669617,-0.25747787952423096,-0.6157211065292358,-0.6581107378005981,-0.3338308036327362,1.0,0.0,korean_heart
2.201053900278578,3.0453675324871203,3.0810343809022,2.425387588156063,0.8329985440466047,2.4714808533959918,2.9495181877857455,0.3373260363119062,2.8237223182869196,2.6429756234604422,0.0009563364821186379,3.095935368646176,2.8556076077491603,2.875671771886445,0.32096510424829644,0.32466160902379776,0.14311963629089944,0.10285504401793068,0.10839860629532967,2.2460010051727295,1.008128046989441,0.7227321863174438,0.511728048324585,2.5160627365112305,1.482268214225769,0.547585129737854,0.45030248165130615,0.6864268779754639,0.0,0.0,-0.2720552086830139,-3.271070718765259,-0.9466191530227661,-3.1440064907073975,-0.5565287470817566,-1.713989496231079,-0.6887526512145996,-1.1826080083847046,-0.8908202052116394,-0.780189037322998,0.46354594826698303,-1.3958775997161865,0.1445016860961914,-0.9895045161247253,-0.2320389598608017,-0.6224701404571533,-0.6260979771614075,-0.34225326776504517,1.0,0.0,korean_heart
2.2042408510678326,3.060168069206306,3.081147255107349,2.449680800933717,0.8644629944099169,2.406103981510155,3.0275398921330603,0.2743707555633531,2.849898688909648,2.5291748446275277,0.08346273694352258,3.1037310529216526,2.8554659509441405,2.8767858552389938,0.3174512088810327,0.3225013915052093,0.14800415475710454,0.1038473252647605,0.10819591947501579,2.3578388690948486,1.1014800071716309,0.7916221022605896,0.5628626346588135,2.6100754737854004,1.5033148527145386,0.6020566821098328,0.5025732517242432,0.7366504669189453,0.0,0.0,-0.29161304235458374,-3.395301103591919,-1.0177229642868042,-3.2711308002471924,-0.5979209542274475,-1.8276206254959106,-0.736963152885437,-1.2418395280838013,-0.9601283073425293,-0.7915316224098206,0.46108320355415344,-1.434683918952942,0.12053625285625458,-0.9927089810371399,-0.27607282996177673,-0.5982202887535095,-0.6901876926422119,-0.29762229323387146,1.0,0.0,korean_heart
2.198753837194627,3.0385036853550007,3.100118402045899,2.4199502260339356,1.0255216503721745,2.2744106821641576,2.9527410677248827,0.43985834940724206,2.7270605754719393,2.614341359440528,0.06064427182177448,3.052913670400747,2.8572433022373223,2.8676497607368803,0.3173593478187541,0.3235762548819536,0.14537347183407864,0.10343455235800751,0.11025637298389339,2.238271474838257,1.0360342264175415,0.7309296131134033,0.5398105978965759,2.4915685653686523,1.4620091915130615,0.5743392705917358,0.4243183434009552,0.6915998458862305,0.0,0.0,-0.289323091506958,-3.2511842250823975,-0.971625804901123,-3.138164758682251,-0.5844260454177856,-1.7283607721328735,-0.7134682536125183,-1.1687058210372925,-0.9120140671730042,-0.7937049865722656,0.45366171002388,-1.4123563766479492,0.14217935502529144,-0.9898409247398376,-0.23438429832458496,-0.6166762113571167,-0.6275444626808167,-0.3349321782588959,1.0,0.0,korean_heart
2.125581968389337,2.8545665498848094,2.9042414293274064,2.1907024172217384,1.173456080221479,2.3836830867726047,2.55223896829904,0.8228070811642753,2.572966666074156,2.857809172797716,0.3077758260957266,2.943243582405513,2.9439523457910837,2.884404762014768,0.3383547146567889,0.31580049425084306,0.13242015106420066,0.10789068246089198,0.10553395743232578,2.031402111053467,0.9705290794372559,0.7711344361305237,0.45212671160697937,2.3367457389831543,1.3980337381362915,0.4412098228931427,0.4386306405067444,0.6076951622962952,0.0,0.0,-0.09146588295698166,-3.146634817123413,0.4592486023902893,-2.889716625213623,0.2793867588043213,-1.5033011436462402,0.46366870403289795,-1.1024192571640015,0.5914933085441589,-0.6828269362449646,-0.7556438446044922,-1.2616405487060547,-0.46775326132774353,-0.8838590979576111,-0.08483818918466568,-0.5603966116905212,0.3069155812263489,-0.331495076417923,0.0,1.0,korean_heart
2.1492352386457254,2.8567455855478294,2.9316837505586344,2.2114212077806257,1.1309910492141408,2.3368966289552238,2.5795535142951174,0.724800478405948,2.5849534706895083,2.880361276867445,0.2874236328430436,2.910823145471125,2.927089640653167,2.9282341997363,0.341079554240138,0.320125346997568,0.1329757647591762,0.10353620181512807,0.10228313204435649,1.9044406414031982,0.877082347869873,0.6860261559486389,0.39095771312713623,2.23677921295166,1.3247655630111694,0.43685150146484375,0.44309231638908386,0.5573340058326721,0.0,0.0,-0.059276681393384933,-3.0202112197875977,0.4478747546672821,-2.7890865802764893,0.22961291670799255,-1.4824244976043701,0.4039137661457062,-1.081851840019226,0.5400991439819336,-0.6602070331573486,-0.7004706263542175,-1.2698113918304443,-0.4290655851364136,-0.903273344039917,-0.06659621000289917,-0.5826001763343811,0.30368509888648987,-0.34882891178131104,0.0,1.0,korean_heart
2.1276943226632232,2.8522695060474614,2.9297673135511966,2.188724102382918,1.0869977173572039,2.4189288382929277,2.6120481260275943,0.7186333075320611,2.662398515791439,2.715826283600623,0.23771182189253082,3.025321128121353,2.9277220377260504,2.8713605887206053,0.340918163036166,0.3165543513639619,0.1299753047052618,0.10536533084314095,0.10718684992306746,2.1406280994415283,0.9933918118476868,0.7859285473823547,0.459455281496048,2.43149471282959,1.489935040473938,0.4897053837776184,0.4790300726890564,0.6171891689300537,0.0,0.0,-0.06728190928697586,-3.30043888092041,0.4839320778846741,-3.0227959156036377,0.2908748686313629,-1.5454214811325073,0.5047211647033691,-1.104875087738037,0.6581152081489563,-0.6510688662528992,-0.7777326107025146,-1.293492317199707,-0.45572343468666077,-0.890121340751648,-0.04128579795360565,-0.5395786762237549,0.37166476249694824,-0.2918401062488556,0.0,1.0,korean_heart
2.1531142331170443,2.8683450761054634,2.9643938545023794,2.2307565276146546,1.058897723331376,2.414090970605163,2.639447148468696,0.6908443895882856,2.6709091845791084,2.78949155224549,0.2703435036745802,2.9882519671745067,2.9164580009427965,2.897227311778281,0.3385711489583788,0.3182535625079181,0.13159439923442284,0.10487641123396568,0.10670447792779081,1.9790042638778687,0.901158332824707,0.7147578597068787,0.41262176632881165,2.3140408992767334,1.3816243410110474,0.47202011942863464,0.46040138602256775,0.5488213896751404,0.0,0.0,-0.029898125678300858,-3.111528158187866,0.46837228536605835,-2.8814597129821777,0.25824078917503357,-1.5159083604812622,0.4678635001182556,-1.09298837184906,0.6210067272186279,-0.658803403377533,-0.7039933800697327,-1.287089467048645,-0.41049909591674805,-0.9118609428405762,-0.02762574329972267,-0.5778483748435974,0.35963818430900574,-0.3395179212093353,0.0,1.0,korean_heart
2.1692854537093673,2.9372763513090585,2.9146658748210825,2.2599666153945117,1.6177817676311992,2.051713534870248,2.5878934272602896,1.1599221650875298,2.230072792359287,3.0314166929884205,0.6069903576927166,2.6171438901339945,2.954921891433128,2.933914293919069,0.31761425862678266,0.30964036298735953,0.14798474115918045,0.11666474358555178,0.10809589349853418,1.8536502122879028,0.9791682362556458,0.783631443977356,0.5462976098060608,2.12742280960083,1.1693170070648193,0.38753119111061096,0.37829896807670593,0.5246924757957458,0.0,0.0,-0.0657169446349144,-2.8817138671875,0.4400920271873474,-2.7422165870666504,0.30870938301086426,-1.5803040266036987,0.4348008930683136,-1.2138597965240479,0.5663579702377319,-0.8591728210449219,-0.6510741710662842,-1.2437589168548584,-0.40789127349853516,-0.9130305051803589,-0.07736410200595856,-0.6207618117332458,0.260711669921875,-0.40637990832328796,0.0,1.0,korean_heart
